印版名,电路ID,FPGA端口号,电压,描述
CLK,FPGA_CLK_IN,AC19,3.3V,时钟-100MHz
SW18,FPGA_SW0,AC21,3.3V,拨码开关
SW19,FPGA_SW1,AD24,3.3V,拨码开关
SW20,FPGA_SW2,AC22,3.3V,拨码开关
SW21,FPGA_SW3,AC23,3.3V,拨码开关
SW22,FPGA_SW4,AB6,3.3V,拨码开关
SW23,FPGA_SW5,W6,3.3V,拨码开关
SW24,FPGA_SW6,AA7,3.3V,拨码开关
SW25,FPGA_SW7,Y6,3.3V,拨码开关
BT_REST,FPGA_RSTn_IN,Y3,3.3V,复位按键-低电平有效
LED1,FPGA_LED1,H7,3.3V,LED-低电平有效
LED2,FPGA_LED2,D5,3.3V,LED-低电平有效
LED3,FPGA_LED3,A3,3.3V,LED-低电平有效
LED4,FPGA_LED4,A5,3.3V,LED-低电平有效
LED5,FPGA_LED5,A4,3.3V,LED-低电平有效
LED6,FPGA_LED6,F7,3.3V,LED-低电平有效
LED7,FPGA_LED7,G8,3.3V,LED-低电平有效
LED8,FPGA_LED8,H8,3.3V,LED-低电平有效
LED9,FPGA_LED9,J8,3.3V,LED-低电平有效
LED10,FPGA_LED10,J23,3.3V,LED-低电平有效
LED11,FPGA_LED11,J26,3.3V,LED-低电平有效
LED12,FPGA_LED12,G9,3.3V,LED-低电平有效
LED21,FPGA_LED13,J19,3.3V,LED-低电平有效
LED22,FPGA_LED14,H23,3.3V,LED-低电平有效
LED23,FPGA_LED15,J21,3.3V,LED-低电平有效
LED24,FPGA_LED16,K23,3.3V,LED-低电平有效
LED13,FPGA_LED0R,G7,3.3V,双色LED红色输入-高电平有效
LED13,FPGA_LED0G,F8,3.3V,双色LED绿色输入-高电平有效
LED27,FPGA_LED1R,B5,3.3V,双色LED红色输入-高电平有效
LED27,FPGA_LED1G,D6,3.3V,双色LED绿色输入-高电平有效
SW_STEP0,FPGA_KEY_STEP0,Y5,3.3V,断点调试按键-低电平有效
SW_STEP1,FPGA_KEY_STEP1,V6,3.3V,断点调试按键-低电平有效
LED17,FPGA_NUM0_DP,C4,3.3V,共阴极八段数码管段选引脚-高电平有效
LED17,FPGA_NUM0_A,A2,3.3V,共阴极八段数码管段选引脚-高电平有效
LED17,FPGA_NUM0_B,D4,3.3V,共阴极八段数码管段选引脚-高电平有效
LED17,FPGA_NUM0_C,E5,3.3V,共阴极八段数码管段选引脚-高电平有效
LED17,FPGA_NUM0_D,B4,3.3V,共阴极八段数码管段选引脚-高电平有效
LED17,FPGA_NUM0_E,B2,3.3V,共阴极八段数码管段选引脚-高电平有效
LED17,FPGA_NUM0_F,E6,3.3V,共阴极八段数码管段选引脚-高电平有效
LED17,FPGA_NUM0_G,C3,3.3V,共阴极八段数码管段选引脚-高电平有效
LED17,FPGA_NUM_CSn0,D3,3.3V,共阴极八段数码管位选引脚-低电平有效
LED17,FPGA_NUM_CSn1,D25,3.3V,共阴极八段数码管位选引脚-低电平有效
LED17,FPGA_NUM_CSn2,D26,3.3V,共阴极八段数码管位选引脚-低电平有效
LED17,FPGA_NUM_CSn3,E25,3.3V,共阴极八段数码管位选引脚-低电平有效
LED17,FPGA_NUM_CSn4,E26,3.3V,共阴极八段数码管位选引脚-低电平有效
LED17,FPGA_NUM_CSn5,G25,3.3V,共阴极八段数码管位选引脚-低电平有效
LED17,FPGA_NUM_CSn6,G26,3.3V,共阴极八段数码管位选引脚-低电平有效
LED17,FPGA_NUM_CSn7,H26,3.3V,共阴极八段数码管位选引脚-低电平有效
U7,FPGA_UART_TXD,H19,3.3V,UART发送引脚
U7,FPGA_UART_RXD,F23,3.3V,UART接收引脚
U7,FPGA_UART_RTS,F24,3.3V,UART请求发送信号
U7,FPGA_UART_DTR,F25,3.3V,UART数据终端就绪信号
U7,FPGA_UART_DCD,G20,3.3V,UART数据载波检测信号
U7,FPGA_UART_DSR,K6,3.3V,UART数据设备就绪信号
U7,FPGA_UART_RI,K7,3.3V,UART振铃指示信号
U7,FPGA_UART_CTS,E23,3.3V,UART清除发送信号
SPI_FLASH,FPGA_SPI_HOLD#,R21,3.3V,
SPI_FLASH,FPGA_SPI_SCK,P20,3.3V,
SPI_FLASH,FPGA_SPI_SDO,N18,3.3V,
SPI_FLASH,FPGA_SPI_CS#,R20,3.3V,
SPI_FLASH,FPGA_SPI_SDI,P19,3.3V,
SPI_FLASH,FPGA_SPI_WP#,P18,3.3V,
NANDFLASH,FPGA_NAND_D0,AC24,3.3V,共64*1024页-每页2Kbytes-容量128MBytes
NANDFLASH,FPGA_NAND_D1,W21,3.3V,
NANDFLASH,FPGA_NAND_D2,U20,3.3V,
NANDFLASH,FPGA_NAND_D3,U19,3.3V,
NANDFLASH,FPGA_NAND_D4,V18,3.3V,
NANDFLASH,FPGA_NAND_D5,Y21,3.3V,
NANDFLASH,FPGA_NAND_D6,Y20,3.3V,
NANDFLASH,FPGA_NAND_D7,W19,3.3V,
NANDFLASH,FPGA_NAND_WR,AA22,3.3V,
NANDFLASH,FPGA_NAND_ALE,W20,3.3V,
NANDFLASH,FPGA_NAND_CLE,V19,3.3V,
NANDFLASH,FPGA_NAND_CE#,AB24,3.3V,
NANDFLASH,FPGA_NAND_RD,AA24,3.3V,
NANDFLASH,FPGA_NAND_RDY,AA25,3.3V,
扩展IO,FPGA_EXT0_IO0,AD26,3.3V,
扩展IO,FPGA_EXT0_IO1,T19,3.3V,
扩展IO,FPGA_EXT0_IO2,T20,3.3V,
扩展IO,FPGA_EXT0_IO3,AD25,3.3V,
扩展IO,FPGA_EXT0_IO4,AE25,3.3V,
扩展IO,FPGA_EXT0_IO5,AF25,3.3V,
扩展IO,FPGA_EXT0_IO6,U22,3.3V,
扩展IO,FPGA_EXT0_IO7,AF24,3.3V,
扩展IO,FPGA_EXT0_IO8,U21,3.3V,
扩展IO,FPGA_EXT0_IO9,V24,3.3V,
扩展IO,FPGA_EXT0_IO10,V23,3.3V,
扩展IO,FPGA_EXT0_IO11,W23,3.3V,
扩展IO,FPGA_EXT0_IO12,AE23,3.3V,
扩展IO,FPGA_EXT0_IO13,V22,3.3V,
扩展IO,FPGA_EXT0_IO14,U25,3.3V,
扩展IO,FPGA_EXT0_IO15,U26,3.3V,
扩展IO,FPGA_EXT0_IO16,V26,3.3V,
扩展IO,FPGA_EXT0_IO17,U24,3.3V,
扩展IO,FPGA_EXT0_IO18,W25,3.3V,
扩展IO,FPGA_EXT0_IO19,W26,3.3V,
扩展IO,FPGA_EXT0_IO20,Y25,3.3V,
扩展IO,FPGA_EXT0_IO21,Y26,3.3V,
扩展IO,FPGA_EXT0_IO22,AB25,3.3V,
扩展IO,FPGA_EXT0_IO23,AB26,3.3V,
扩展IO,FPGA_EXT0_IO24,Y23,3.3V,
扩展IO,FPGA_EXT0_IO25,AC26,3.3V,
扩展IO,FPGA_EXT0_IO26,Y22,3.3V,
扩展IO,FPGA_EXT0_IO27,V21,3.3V,
扩展IO,FPGA_EXT0_IO28,V16,3.3V,
扩展IO,FPGA_EXT0_IO29,AA23,3.3V,
扩展IO,FPGA_EXT0_IO30,V14,3.3V,
扩展IO,FPGA_EXT0_IO31,U15,3.3V,
4x4键盘矩阵,FPGA_KEY_COL1,V8,3.3V,高电平检测列
4x4键盘矩阵,FPGA_KEY_COL2,V9,3.3V,高电平检测列
4x4键盘矩阵,FPGA_KEY_COL3,Y8,3.3V,高电平检测列
4x4键盘矩阵,FPGA_KEY_COL4,V7,3.3V,高电平检测列
4x4键盘矩阵,FPGA_KEY_ROW1,U7,3.3V,高电平驱动行
4x4键盘矩阵,FPGA_KEY_ROW2,W8,3.3V,高电平驱动行
4x4键盘矩阵,FPGA_KEY_ROW3,Y7,3.3V,高电平驱动行
4x4键盘矩阵,FPGA_KEY_ROW4,AA8,3.3V,高电平驱动行
8x8LED点阵,FPGA_DOT_R1,F3,3.3V,
8x8LED点阵,FPGA_DOT_R2,F4,3.3V,
8x8LED点阵,FPGA_DOT_R3,C2,3.3V,
8x8LED点阵,FPGA_DOT_R4,F5,3.3V,
8x8LED点阵,FPGA_DOT_R5,H3,3.3V,
8x8LED点阵,FPGA_DOT_R6,B1,3.3V,
8x8LED点阵,FPGA_DOT_R7,G4,3.3V,
8x8LED点阵,FPGA_DOT_R8,J5,3.3V,
8x8LED点阵,FPGA_DOT_C1,G6,3.3V,
8x8LED点阵,FPGA_DOT_C2,G5,3.3V,
8x8LED点阵,FPGA_DOT_C3,H6,3.3V,
8x8LED点阵,FPGA_DOT_C4,J4,3.3V,
8x8LED点阵,FPGA_DOT_C5,J6,3.3V,
8x8LED点阵,FPGA_DOT_C6,E3,3.3V,
8x8LED点阵,FPGA_DOT_C7,C1,3.3V,
8x8LED点阵,FPGA_DOT_C8,H4,3.3V,
10/100M-LAN,FPGA_PHY_TX_CLK,AB21,3.3V,
10/100M-LAN,FPGA_PHY_RX_CLK,AA19,3.3V,
10/100M-LAN,FPGA_PHY_TXEN,AA15,3.3V,
10/100M-LAN,FPGA_PHY_TXD0,AF18,3.3V,
10/100M-LAN,FPGA_PHY_TXD1,AE18,3.3V,
10/100M-LAN,FPGA_PHY_TXD2,W15,3.3V,
10/100M-LAN,FPGA_PHY_TXD3,W14,3.3V,
10/100M-LAN,FPGA_PHY_TXER,AB20,3.3V,
10/100M-LAN,FPGA_PHY_RXDV,AE22,3.3V,
10/100M-LAN,FPGA_PHY_RXD0,V1,3.3V,
10/100M-LAN,FPGA_PHY_RXD1,V4,3.3V,
10/100M-LAN,FPGA_PHY_RXD2,V2,3.3V,
10/100M-LAN,FPGA_PHY_RXD3,V3,3.3V,
10/100M-LAN,FPGA_PHY_RXER,W16,3.3V,
10/100M-LAN,FPGA_PHY_COL,Y15,3.3V,
10/100M-LAN,FPGA_PHY_CRS,AF20,3.3V,
10/100M-LAN,FPGA_PHY_MDC,W3,3.3V,
10/100M-LAN,FPGA_PHY_MDIO,W1,3.3V,
10/100M-LAN,FPGA_PHY_RESETn,AE26,3.3V,
K4B1G1646G-BCK0,NB_SP_A0,E18,3.3V,1Gbits DDR3颗粒
K4B1G1646G-BCK0,NB_SP_A1,H14,3.3V,
K4B1G1646G-BCK0,NB_SP_A2,H15,3.3V,
K4B1G1646G-BCK0,NB_SP_A3,G17,3.3V,
K4B1G1646G-BCK0,NB_SP_A4,F17,3.3V,
K4B1G1646G-BCK0,NB_SP_A5,F18,3.3V,
K4B1G1646G-BCK0,NB_SP_A6,F19,3.3V,
K4B1G1646G-BCK0,NB_SP_A7,G15,3.3V,
K4B1G1646G-BCK0,NB_SP_A8,F15,3.3V,
K4B1G1646G-BCK0,NB_SP_A9,G19,3.3V,
K4B1G1646G-BCK0,NB_SP_A10,F20,3.3V,
K4B1G1646G-BCK0,NB_SP_A11,H16,3.3V,
K4B1G1646G-BCK0,NB_SP_A12,G16,3.3V,
K4B1G1646G-BCK0,NB_SP_BA0,C17,3.3V,
K4B1G1646G-BCK0,NB_SP_BA1,B17,3.3V,
K4B1G1646G-BCK0,NB_SP_BA2,E16,3.3V,
K4B1G1646G-BCK0,NB_SP_CAS#,A18,3.3V,
K4B1G1646G-BCK0,NB_SP_CLKP,D18,3.3V,
K4B1G1646G-BCK0,NB_SP_CLKN,C18,3.3V,
K4B1G1646G-BCK0,NB_SP_CKE,D16,3.3V,
K4B1G1646G-BCK0,NB_SP_DQM0,E21,3.3V,
K4B1G1646G-BCK0,NB_SP_DQ0,E20,3.3V,
K4B1G1646G-BCK0,NB_SP_DQ1,C21,3.3V,
K4B1G1646G-BCK0,NB_SP_DQ2,D19,3.3V,
K4B1G1646G-BCK0,NB_SP_DQ3,A22,3.3V,
K4B1G1646G-BCK0,NB_SP_DQ4,D20,3.3V,
K4B1G1646G-BCK0,NB_SP_DQ5,B21,3.3V,
K4B1G1646G-BCK0,NB_SP_DQ6,C19,3.3V,
K4B1G1646G-BCK0,NB_SP_DQ7,B22,3.3V,
K4B1G1646G-BCK0,NB_SP_DQ8,C22,3.3V,
K4B1G1646G-BCK0,NB_SP_DQ9,B24,3.3V,
K4B1G1646G-BCK0,NB_SP_DQ10,C23,3.3V,
K4B1G1646G-BCK0,NB_SP_DQ11,B26,3.3V,
K4B1G1646G-BCK0,NB_SP_DQ12,A25,3.3V,
K4B1G1646G-BCK0,NB_SP_DQ13,C26,3.3V,
K4B1G1646G-BCK0,NB_SP_DQ14,C24,3.3V,
K4B1G1646G-BCK0,NB_SP_DQ15,B25,3.3V,
K4B1G1646G-BCK0,NB_SP_DQSP0,B20,3.3V,
K4B1G1646G-BCK0,NB_SP_DQSN0,A20,3.3V,
K4B1G1646G-BCK0,NB_SP_ODT,E17,3.3V,
K4B1G1646G-BCK0,NB_SP_RAS#,A17,3.3V,
K4B1G1646G-BCK0,NB_SP_DQM1,D23,3.3V,
K4B1G1646G-BCK0,NB_SP_DQSP1,A23,3.3V,
K4B1G1646G-BCK0,NB_SP_DQSN1,A24,3.3V,
K4B1G1646G-BCK0,NB_SP_WE#,B19,3.3V,
K4B1G1646G-BCK0,DDR3_RST#,A19,3.3V,
EJTAG,FPGA_CPU_EJTAG_TCK,K18,3.3V,
EJTAG,FPGA_CPU_EJTAG_TMS,K22,3.3V,
EJTAG,FPGA_CPU_EJTAG_TDO,K21,3.3V,
EJTAG,FPGA_CPU_EJTAG_TDI,K20,3.3V,
EJTAG,FPGA_CPU_EJTAG_TRST,J18,3.3V,
U16-SRAM-IDT-71V124SA10TYG,PI_ADDR0,T5,3.3V,SRAM地址线
U16-SRAM-IDT-71V124SA10TYG,PI_ADDR1,T4,3.3V,SRAM地址线
U16-SRAM-IDT-71V124SA10TYG,PI_ADDR2,R3,3.3V,SRAM地址线
U16-SRAM-IDT-71V124SA10TYG,PI_ADDR3,R8,3.3V,SRAM地址线
U16-SRAM-IDT-71V124SA10TYG,PI_ADDR4,M6,3.3V,SRAM地址线
U16-SRAM-IDT-71V124SA10TYG,PI_ADDR5,M7,3.3V,SRAM地址线
U16-SRAM-IDT-71V124SA10TYG,PI_ADDR6,N6,3.3V,SRAM地址线
U16-SRAM-IDT-71V124SA10TYG,PI_ADDR7,P8,3.3V,SRAM地址线
U16-SRAM-IDT-71V124SA10TYG,PI_ADDR8,H2,3.3V,SRAM地址线
U16-SRAM-IDT-71V124SA10TYG,PI_ADDR9,H1,3.3V,SRAM地址线
U16-SRAM-IDT-71V124SA10TYG,PI_ADDR10,J1,3.3V,SRAM地址线
U16-SRAM-IDT-71V124SA10TYG,PI_ADDR11,K2,3.3V,SRAM地址线
U16-SRAM-IDT-71V124SA10TYG,PI_ADDR12,K1,3.3V,SRAM地址线
U16-SRAM-IDT-71V124SA10TYG,PI_ADDR13,M1,3.3V,SRAM地址线
U16-SRAM-IDT-71V124SA10TYG,PI_ADDR14,M4,3.3V,SRAM地址线
U16-SRAM-IDT-71V124SA10TYG,PI_ADDR15,N8,3.3V,SRAM地址线
U16-SRAM-IDT-71V124SA10TYG,ICPU_ADDR16,P6,3.3V,SRAM地址线
U16-SRAM-IDT-71V124SA10TYG,PI_RnW,T8,3.3V,读写控制信号
U16-SRAM-IDT-71V124SA10TYG,PI_Data0,L3,3.3V,双向数据引脚
U16-SRAM-IDT-71V124SA10TYG,PI_Data1,L4,3.3V,双向数据引脚
U16-SRAM-IDT-71V124SA10TYG,PI_Data2,L5,3.3V,双向数据引脚
U16-SRAM-IDT-71V124SA10TYG,PI_Data3,L7,3.3V,双向数据引脚
U16-SRAM-IDT-71V124SA10TYG,PI_Data4,K5,3.3V,双向数据引脚
U16-SRAM-IDT-71V124SA10TYG,PI_Data5,J3,3.3V,双向数据引脚
U16-SRAM-IDT-71V124SA10TYG,PI_Data6,K3,3.3V,双向数据引脚
U16-SRAM-IDT-71V124SA10TYG,PI_Data7,M5,3.3V,双向数据引脚
U16-SRAM-IDT-71V124SA10TYG,SRAM_nOE,N7,3.3V,输出使能信号
U16-SRAM-IDT-71V124SA10TYG,SRAM_nEN,T7,3.3V,片选信号
